<?xml version="1.0" encoding="UTF-8"?><?xml-stylesheet type='text/xsl' href='_UpgradeReport_Files/UpgradeReport.xslt'?><UpgradeLog>
<Properties><Property Name="Solution" Value="PA7">
</Property><Property Name="Solution File" Value="C:\Users\ASO\Documents\public_html_11_4_12\cpts121\progassignments\PA7\PA7\PA7.sln">
</Property><Property Name="Date" Value="Monday, November 05, 2012">
</Property><Property Name="Time" Value="13:28 PM">
</Property><Property Name="Log Number" Value="2">
</Property></Properties><Event ErrorLevel="0" Project="PA7" Source="PA7\PA7.vcproj" Description="Converting project file 'C:\Users\ASO\Documents\public_html_11_4_12\cpts121\progassignments\PA7\PA7\PA7\PA7.vcproj'.">
</Event><Event ErrorLevel="1" Project="PA7" Source="PA7\PA7.vcproj" Description="VCWebServiceProxyGeneratorTool is no longer supported. The tool has been removed from your project settings.">
</Event><Event ErrorLevel="1" Project="PA7" Source="PA7\PA7.vcproj" Description="Attribute 'Detect64BitPortabilityProblems' of 'VCCLCompilerTool' is not supported in this version and has been removed during conversion.">
</Event><Event ErrorLevel="1" Project="PA7" Source="PA7\PA7.vcproj" Description="Attribute 'Detect64BitPortabilityProblems' of 'VCCLCompilerTool' is not supported in this version and has been removed during conversion.">
</Event><Event ErrorLevel="0" Project="PA7" Source="PA7\PA7.vcproj" Description="Done converting to new project file 'C:\Users\ASO\Documents\public_html_11_4_12\cpts121\progassignments\PA7\PA7\PA7\PA7.vcxproj'.">
</Event><Event ErrorLevel="3" Project="PA7" Source="PA7\PA7.vcproj" Description="Converted">
</Event><Event ErrorLevel="0" Project="" Source="PA7.sln" Description="Solution converted successfully">
</Event><Event ErrorLevel="3" Project="" Source="PA7.sln" Description="Converted">
</Event></UpgradeLog>